mysql> CREATE DATABASE payroll_service;
Query OK, 1 row affected (0.01 sec)

mysql> show databases;
+--------------------+
| Database           |
+--------------------+
| information_schema |
| mysql              |
| payroll_service    |
| performance_schema |
| sys                |
+--------------------+
5 rows in set (0.01 sec)

mysql> use payroll_service
Database changed
mysql> SELECT DATABASE();
+-----------------+
| DATABASE()      |
+-----------------+
| payroll_service |
+-----------------+


mysql> CREATE TABLE employee_payroll
    -> (id INT unsigned NOT NULL AUTO_INCREMENT,
    -> name VARCHAR(150) NOT NULL,
    -> salary DOUBLE NOT NULL,
    -> start DATE NOT NULL,
    -> PRIMARY KEY (id)
    -> );
Query OK, 0 rows affected (0.01 sec)

mysql> 
mysql> SHOW TABLES;
+-------------------+
| Tables_in_payroll |
+-------------------+
| employee_payroll  |
+-------------------+
1 row in set (0.00 sec)

mysql> DESCRIBE employee_payroll;
+--------+--------------+------+-----+---------+----------------+
| Field  | Type         | Null | Key | Default | Extra          |
+--------+--------------+------+-----+---------+----------------+
| id     | int unsigned | NO   | PRI | NULL    | auto_increment |
| name   | varchar(150) | NO   |     | NULL    |                |
| salary | double       | NO   |     | NULL    |                |
| start  | date         | NO   |     | NULL    |                |
+--------+--------------+------+-----+---------+----------------+
4 rows in set (0.00 sec)

mysql> 
mysql> INSERT INTO employee_payroll (name, salary, start) VALUES
    -> ("Bill",1000000.00,"2018-01-03"),
    -> ("Terisa",2000000.00,"2019-11-13"),
    -> ("Charlie",3000000,"2020-05-21");
Query OK, 3 rows affected (0.00 sec)
Records: 3  Duplicates: 0  Warnings: 0

mysql> 
mysql> SELECT salary FROM employee_payroll WHERE name = "Bill";
+---------+
| salary  |
+---------+
| 1000000 |
+---------+
1 row in set (0.00 sec)

mysql> 
mysql> ALTER TABLE employee_payroll ADD gender CHAR(1) AFTER name;
Query OK, 0 rows affected (0.02 sec)
Records: 0  Duplicates: 0  Warnings: 0

mysql> 
mysql> DESCRIBE employee_payroll;
+--------+--------------+------+-----+---------+----------------+
| Field  | Type         | Null | Key | Default | Extra          |
+--------+--------------+------+-----+---------+----------------+
| id     | int unsigned | NO   | PRI | NULL    | auto_increment |
| name   | varchar(150) | NO   |     | NULL    |                |
| gender | char(1)      | YES  |     | NULL    |                |
| salary | double       | NO   |     | NULL    |                |
| start  | date         | NO   |     | NULL    |                |
+--------+--------------+------+-----+---------+----------------+
5 rows in set (0.00 sec)

mysql> 
mysql> UPDATE employee_payroll set gender = "M" WHERE name = "Bill" or name = "Charlie";
Query OK, 2 rows affected (0.00 sec)
Rows matched: 2  Changed: 2  Warnings: 0

mysql> UPDATE employee_payroll set gender = "F" WHERE name = "Terisa";
Query OK, 1 row affected (0.00 sec)
Rows matched: 1  Changed: 1  Warnings: 0

mysql> Select * FROM employee_payroll;
+----+---------+--------+---------+------------+
| id | name    | gender | salary  | start      |
+----+---------+--------+---------+------------+
|  1 | Bill    | M      | 1000000 | 2018-01-03 |
|  2 | Terisa  | F      | 2000000 | 2019-11-13 |
|  3 | Charlie | M      | 3000000 | 2020-05-21 |
+----+---------+--------+---------+------------+
3 rows in set (0.00 sec)

mysql> 
mysql> SELECT SUM(salary) FROM employee_payroll WHERE gender  = 'M' GROUP BY gender;
+-------------+
| SUM(salary) |
+-------------+
|     4000000 |
+-------------+
1 row in set (0.00 sec)

mysql> SELECT AVG(salary) FROM employee_payroll WHERE gender  = 'M' GROUP BY gender;
+-------------+
| AVG(salary) |
+-------------+
|     2000000 |
+-------------+
1 row in set (0.00 sec)

mysql> 
mysql> SELECT gender, SUM(salary) FROM employee_payroll GROUP BY gender;
+--------+-------------+
| gender | SUM(salary) |
+--------+-------------+
| M      |     4000000 |
| F      |     2000000 |
+--------+-------------+
2 rows in set (0.00 sec)

mysql> SELECT gender, AVG(salary) FROM employee_payroll GROUP BY gender;
+--------+-------------+
| gender | AVG(salary) |
+--------+-------------+
| M      |     2000000 |
| F      |     2000000 |
+--------+-------------+
2 rows in set (0.00 sec)

mysql> SELECT gender, Count(name) FROM employee_payroll GROUP BY gender;
+--------+-------------+
| gender | Count(name) |
+--------+-------------+
| M      |           2 |
| F      |           1 |
+--------+-------------+
2 rows in set (0.00 sec)

mysql> SELECT gender, MIN( salary ) FROM employee_payroll GROUP BY gender;
+--------+---------------+
| gender | MIN( salary ) |
+--------+---------------+
| M      |       1000000 |
| F      |       2000000 |
+--------+---------------+
2 rows in set (0.00 sec)

mysql> SELECT gender, MAX( salary ) FROM employee_payroll GROUP BY gender;
+--------+---------------+
| gender | MAX( salary ) |
+--------+---------------+
| M      |       3000000 |
| F      |       2000000 |
+--------+---------------+
2 rows in set (0.00 sec)

mysql> 
mysql> DELETE FROM employee_payroll where name='Bill';
Query OK, 1 row affected (0.00 sec)

mysql> Select * from employee_payroll;
+----+---------+--------+---------+------------+
| id | name    | gender | salary  | start      |
+----+---------+--------+---------+------------+
|  2 | Terisa  | F      | 2000000 | 2019-11-13 |
|  3 | Charlie | M      | 3000000 | 2020-05-21 |
+----+---------+--------+---------+------------+
2 rows in set (0.00 sec)


